<?xml version="1.0" encoding="UTF-8"?>
<manifest identifier="man00001" xmlns:bb="http://www.blackboard.com/content-packaging/"><organizations
   default="toc00001"><organization identifier="toc00001"><item identifier="itm00001"
     identifierref="res00005"><title>Air Lesson</title><item identifier="itm00003"
      identifierref="res00011"><title>--TOP--</title><item identifier="itm00004"
       identifierref="res00012"><title>Learn about indoor air</title><item identifier="itm00008"
       identifierref="res00016"><title>Indoor Air</title></item><item identifier="itm00011"
       identifierref="res00019"><title>Sources</title></item><item identifier="itm00014"
      identifierref="res00022"><title>Indoor Air Quiz</title></item></item><item identifier="itm00005"
       identifierref="res00013"><title>Learn about outdoor air and pollution</title><item identifier="itm00007"
       identifierref="res00015"><title>Outdoor air</title></item><item identifier="itm00012"
      identifierref="res00020"><title>Sources</title></item></item><item identifier="itm00006"
       identifierref="res00014"><title>Learn about radon gas</title><item identifier="itm00009"
       identifierref="res00017"><title>What is radon gas?</title></item><item identifier="itm00010"
       identifierref="res00018"><title>Video</title></item><item identifier="itm00013"
       identifierref="res00021"><title>Sources</title></item><item identifier="itm00015"
    identifierref="res00023"><title>Radon Quiz</title></item></item></item></item><item identifier="itm00002"
     identifierref="res00006"><title>Teacher Resources</title><item identifier="itm00016"
      identifierref="res00024"><title>--TOP--</title><item identifier="itm00017"
   identifierref="res00025"><title>Resources</title></item></item></item></organization></organizations><resources><resource
   bb:file="res00001.dat" bb:title="Air Quality For Kids" identifier="res00001" type="course/x-bb-coursesetting"
    xml:base="res00001"><file href="/xid-40709268_1"/></resource><resource bb:file="res00002.dat"
   bb:title="Learning Standard Sub Document Associations" identifier="res00002" type="course/x-bb-subdocassociation"
   xml:base="res00002"/><resource bb:file="res00003.dat" bb:title="Course Application Settings" identifier="res00003"
   type="course/x-bb-courseappsetting" xml:base="res00003"/><resource bb:file="res00004.dat"
   bb:title="Course Navigation Settings" identifier="res00004" type="course/x-bb-coursenavsetting"
   xml:base="res00004"/><resource bb:file="res00005.dat" bb:title="Air Lesson" identifier="res00005"
   type="course/x-bb-coursetoc" xml:base="res00005"/><resource bb:file="res00006.dat" bb:title="Teacher Resources"
   identifier="res00006" type="course/x-bb-coursetoc" xml:base="res00006"/><resource bb:file="res00007.dat"
   bb:title="Content Handler Data" identifier="res00007" type="course/x-bb-contenthandler"
   xml:base="res00007"/><resource bb:file="res00008.dat" bb:title="Indoor Air Quiz" identifier="res00008"
   type="assessment/x-bb-qti-test" xml:base="res00008"/><resource bb:file="res00009.dat" bb:title="Radon Quiz"
   identifier="res00009" type="assessment/x-bb-qti-test" xml:base="res00009"/><resource bb:file="res00010.dat"
   bb:title="Assessment Creation Settings" identifier="res00010" type="course/x-bb-courseassessmentcreationsettings"
   xml:base="res00010"/><resource bb:file="res00011.dat" bb:title="--TOP--" identifier="res00011"
   type="resource/x-bb-document" xml:base="res00011"/><resource bb:file="res00012.dat" bb:title="Learn about indoor air"
   identifier="res00012" type="resource/x-bb-document" xml:base="res00012"/><resource bb:file="res00013.dat"
   bb:title="Learn about outdoor air and pollution" identifier="res00013" type="resource/x-bb-document"
   xml:base="res00013"/><resource bb:file="res00014.dat" bb:title="Learn about radon gas" identifier="res00014"
   type="resource/x-bb-document" xml:base="res00014"/><resource bb:file="res00015.dat" bb:title="Outdoor air"
   identifier="res00015" type="resource/x-bb-document" xml:base="res00015"/><resource bb:file="res00016.dat"
   bb:title="Indoor Air" identifier="res00016" type="resource/x-bb-document" xml:base="res00016"/><resource
   bb:file="res00017.dat" bb:title="What is radon gas?" identifier="res00017" type="resource/x-bb-document"
   xml:base="res00017"/><resource bb:file="res00018.dat" bb:title="Video" identifier="res00018"
   type="resource/x-bb-document" xml:base="res00018"/><resource bb:file="res00019.dat" bb:title="Sources"
   identifier="res00019" type="resource/x-bb-document" xml:base="res00019"/><resource bb:file="res00020.dat"
   bb:title="Sources" identifier="res00020" type="resource/x-bb-document" xml:base="res00020"/><resource
   bb:file="res00021.dat" bb:title="Sources" identifier="res00021" type="resource/x-bb-document"
   xml:base="res00021"/><resource bb:file="res00022.dat" bb:title="Indoor Air Quiz" identifier="res00022"
   type="resource/x-bb-document" xml:base="res00022"/><resource bb:file="res00023.dat" bb:title="Radon Quiz"
   identifier="res00023" type="resource/x-bb-document" xml:base="res00023"/><resource bb:file="res00024.dat"
   bb:title="--TOP--" identifier="res00024" type="resource/x-bb-document" xml:base="res00024"/><resource
   bb:file="res00025.dat" bb:title="Resources" identifier="res00025" type="resource/x-bb-document"
   xml:base="res00025"/><resource bb:file="res00026.dat" bb:title="Gradebook" identifier="res00026"
   type="course/x-bb-gradebook" xml:base="res00026"/><resource bb:file="res00027.dat" bb:title="Course Assessment"
   identifier="res00027" type="course/x-bb-courseassessment" xml:base="res00027"/><resource bb:file="res00028.dat"
   bb:title="Course Assessment" identifier="res00028" type="course/x-bb-courseassessment" xml:base="res00028"/><resource
   bb:file="res00029.dat" bb:title="Indoor Air Quiz" identifier="res00029" type="resource/x-bb-link"
   xml:base="res00029"/><resource bb:file="res00030.dat" bb:title="Radon Quiz" identifier="res00030"
   type="resource/x-bb-link" xml:base="res00030"/><resource bb:file="res00031.dat" bb:title="CSResourceLinks"
   identifier="res00031" type="course/x-bb-csresourcelinks" xml:base="res00031"/></resources></manifest>
